"filename", "language", "F#", "XML", "HTML", "Shell Script", "Markdown", "Java", "Properties", "Batch", "Makefile", "C++", "YAML", "comment", "blank", "total"
"c:\Users\Student\Downloads\Assignments\ASDC Assignment 2\RoboViz\.github\workflows\build.yml", "YAML", 0, 0, 0, 0, 0, 0, 0, 0, 0, 0, 23, 2, 5, 30
"c:\Users\Student\Downloads\Assignments\ASDC Assignment 2\RoboViz\.github\workflows\examples.yml", "YAML", 0, 0, 0, 0, 0, 0, 0, 0, 0, 0, 23, 0, 4, 27
"c:\Users\Student\Downloads\Assignments\ASDC Assignment 2\RoboViz\.github\workflows\release.yml", "YAML", 0, 0, 0, 0, 0, 0, 0, 0, 0, 0, 30, 0, 3, 33
"c:\Users\Student\Downloads\Assignments\ASDC Assignment 2\RoboViz\CHANGELOG.md", "Markdown", 0, 0, 0, 0, 220, 0, 0, 0, 0, 0, 0, 0, 20, 240
"c:\Users\Student\Downloads\Assignments\ASDC Assignment 2\RoboViz\CONTRIBUTING.md", "Markdown", 0, 0, 0, 0, 11, 0, 0, 0, 0, 0, 0, 0, 5, 16
"c:\Users\Student\Downloads\Assignments\ASDC Assignment 2\RoboViz\LICENSE.md", "Markdown", 0, 0, 0, 0, 169, 0, 0, 0, 0, 0, 0, 0, 33, 202
"c:\Users\Student\Downloads\Assignments\ASDC Assignment 2\RoboViz\NOTICE.md", "Markdown", 0, 0, 0, 0, 9, 0, 0, 0, 0, 0, 0, 0, 2, 11
"c:\Users\Student\Downloads\Assignments\ASDC Assignment 2\RoboViz\README.md", "Markdown", 0, 0, 0, 0, 21, 0, 0, 0, 0, 0, 0, 0, 12, 33
"c:\Users\Student\Downloads\Assignments\ASDC Assignment 2\RoboViz\examples\cpp\makefile", "Makefile", 0, 0, 0, 0, 0, 0, 0, 0, 6, 0, 0, 0, 4, 10
"c:\Users\Student\Downloads\Assignments\ASDC Assignment 2\RoboViz\examples\cpp\rvdraw.h", "C++", 0, 0, 0, 0, 0, 0, 0, 0, 0, 169, 0, 15, 39, 223
"c:\Users\Student\Downloads\Assignments\ASDC Assignment 2\RoboViz\examples\cpp\rvtester.cpp", "C++", 0, 0, 0, 0, 0, 0, 0, 0, 0, 213, 0, 30, 50, 293
"c:\Users\Student\Downloads\Assignments\ASDC Assignment 2\RoboViz\examples\java\RVDraw.java", "Java", 0, 0, 0, 0, 0, 172, 0, 0, 0, 0, 0, 97, 37, 306
"c:\Users\Student\Downloads\Assignments\ASDC Assignment 2\RoboViz\examples\java\RVTester.java", "Java", 0, 0, 0, 0, 0, 152, 0, 0, 0, 0, 0, 34, 33, 219
"c:\Users\Student\Downloads\Assignments\ASDC Assignment 2\RoboViz\examples\java\makefile", "Makefile", 0, 0, 0, 0, 0, 0, 0, 0, 8, 0, 0, 0, 5, 13
"c:\Users\Student\Downloads\Assignments\ASDC Assignment 2\RoboViz\gradle.properties", "Properties", 0, 0, 0, 0, 0, 0, 1, 0, 0, 0, 0, 0, 0, 1
"c:\Users\Student\Downloads\Assignments\ASDC Assignment 2\RoboViz\gradle\wrapper\gradle-wrapper.properties", "Properties", 0, 0, 0, 0, 0, 0, 6, 0, 0, 0, 0, 0, 1, 7
"c:\Users\Student\Downloads\Assignments\ASDC Assignment 2\RoboViz\gradlew.bat", "Batch", 0, 0, 0, 0, 0, 0, 0, 41, 0, 0, 0, 30, 22, 93
"c:\Users\Student\Downloads\Assignments\ASDC Assignment 2\RoboViz\jsgl\LICENSE.md", "Markdown", 0, 0, 0, 0, 169, 0, 0, 0, 0, 0, 0, 0, 34, 203
"c:\Users\Student\Downloads\Assignments\ASDC Assignment 2\RoboViz\jsgl\README.md", "Markdown", 0, 0, 0, 0, 1, 0, 0, 0, 0, 0, 0, 0, 1, 2
"c:\Users\Student\Downloads\Assignments\ASDC Assignment 2\RoboViz\jsgl\src\main\java\jsgl\io\ByteUtil.java", "Java", 0, 0, 0, 0, 0, 26, 0, 0, 0, 0, 0, 24, 6, 56
"c:\Users\Student\Downloads\Assignments\ASDC Assignment 2\RoboViz\jsgl\src\main\java\jsgl\io\FileFilterExt.java", "Java", 0, 0, 0, 0, 0, 41, 0, 0, 0, 0, 0, 15, 14, 70
"c:\Users\Student\Downloads\Assignments\ASDC Assignment 2\RoboViz\jsgl\src\main\java\jsgl\io\IOUtil.java", "Java", 0, 0, 0, 0, 0, 11, 0, 0, 0, 0, 0, 30, 4, 45
"c:\Users\Student\Downloads\Assignments\ASDC Assignment 2\RoboViz\jsgl\src\main\java\jsgl\io\ImageFilter.java", "Java", 0, 0, 0, 0, 0, 33, 0, 0, 0, 0, 0, 20, 12, 65
"c:\Users\Student\Downloads\Assignments\ASDC Assignment 2\RoboViz\jsgl\src\main\java\jsgl\io\ImgIO.java", "Java", 0, 0, 0, 0, 0, 33, 0, 0, 0, 0, 0, 21, 8, 62
"c:\Users\Student\Downloads\Assignments\ASDC Assignment 2\RoboViz\jsgl\src\main\java\jsgl\io\ObjExporter.java", "Java", 0, 0, 0, 0, 0, 120, 0, 0, 0, 0, 0, 60, 25, 205
"c:\Users\Student\Downloads\Assignments\ASDC Assignment 2\RoboViz\jsgl\src\main\java\jsgl\io\StopWatch.java", "Java", 0, 0, 0, 0, 0, 14, 0, 0, 0, 0, 0, 15, 5, 34
"c:\Users\Student\Downloads\Assignments\ASDC Assignment 2\RoboViz\jsgl\src\main\java\jsgl\j2d\Pixel.java", "Java", 0, 0, 0, 0, 0, 40, 0, 0, 0, 0, 0, 36, 9, 85
"c:\Users\Student\Downloads\Assignments\ASDC Assignment 2\RoboViz\jsgl\src\main\java\jsgl\j2d\PixelMap.java", "Java", 0, 0, 0, 0, 0, 71, 0, 0, 0, 0, 0, 28, 18, 117
"c:\Users\Student\Downloads\Assignments\ASDC Assignment 2\RoboViz\jsgl\src\main\java\jsgl\jogl\FrameBufferObject.java", "Java", 0, 0, 0, 0, 0, 173, 0, 0, 0, 0, 0, 76, 43, 292
"c:\Users\Student\Downloads\Assignments\ASDC Assignment 2\RoboViz\jsgl\src\main\java\jsgl\jogl\GLDisposable.java", "Java", 0, 0, 0, 0, 0, 7, 0, 0, 0, 0, 0, 22, 5, 34
"c:\Users\Student\Downloads\Assignments\ASDC Assignment 2\RoboViz\jsgl\src\main\java\jsgl\jogl\GLInfo.java", "Java", 0, 0, 0, 0, 0, 49, 0, 0, 0, 0, 0, 32, 13, 94
"c:\Users\Student\Downloads\Assignments\ASDC Assignment 2\RoboViz\jsgl\src\main\java\jsgl\jogl\Graphics.java", "Java", 0, 0, 0, 0, 0, 26, 0, 0, 0, 0, 0, 34, 9, 69
"c:\Users\Student\Downloads\Assignments\ASDC Assignment 2\RoboViz\jsgl\src\main\java\jsgl\jogl\IndexBuffer.java", "Java", 0, 0, 0, 0, 0, 62, 0, 0, 0, 0, 0, 15, 12, 89
"c:\Users\Student\Downloads\Assignments\ASDC Assignment 2\RoboViz\jsgl\src\main\java\jsgl\jogl\PixelBufferObject.java", "Java", 0, 0, 0, 0, 0, 68, 0, 0, 0, 0, 0, 38, 17, 123
"c:\Users\Student\Downloads\Assignments\ASDC Assignment 2\RoboViz\jsgl\src\main\java\jsgl\jogl\RenderBuffer.java", "Java", 0, 0, 0, 0, 0, 69, 0, 0, 0, 0, 0, 35, 22, 126
"c:\Users\Student\Downloads\Assignments\ASDC Assignment 2\RoboViz\jsgl\src\main\java\jsgl\jogl\Shader.java", "Java", 0, 0, 0, 0, 0, 116, 0, 0, 0, 0, 0, 32, 25, 173
"c:\Users\Student\Downloads\Assignments\ASDC Assignment 2\RoboViz\jsgl\src\main\java\jsgl\jogl\ShaderProgram.java", "Java", 0, 0, 0, 0, 0, 84, 0, 0, 0, 0, 0, 39, 19, 142
"c:\Users\Student\Downloads\Assignments\ASDC Assignment 2\RoboViz\jsgl\src\main\java\jsgl\jogl\Texture2D.java", "Java", 0, 0, 0, 0, 0, 213, 0, 0, 0, 0, 0, 123, 52, 388
"c:\Users\Student\Downloads\Assignments\ASDC Assignment 2\RoboViz\jsgl\src\main\java\jsgl\jogl\Texture3D.java", "Java", 0, 0, 0, 0, 0, 66, 0, 0, 0, 0, 0, 23, 16, 105
"c:\Users\Student\Downloads\Assignments\ASDC Assignment 2\RoboViz\jsgl\src\main\java\jsgl\jogl\Uniform.java", "Java", 0, 0, 0, 0, 0, 257, 0, 0, 0, 0, 0, 78, 59, 394
"c:\Users\Student\Downloads\Assignments\ASDC Assignment 2\RoboViz\jsgl\src\main\java\jsgl\jogl\VertexBuffer.java", "Java", 0, 0, 0, 0, 0, 68, 0, 0, 0, 0, 0, 26, 15, 109
"c:\Users\Student\Downloads\Assignments\ASDC Assignment 2\RoboViz\jsgl\src\main\java\jsgl\jogl\VertexBufferObject.java", "Java", 0, 0, 0, 0, 0, 63, 0, 0, 0, 0, 0, 54, 16, 133
"c:\Users\Student\Downloads\Assignments\ASDC Assignment 2\RoboViz\jsgl\src\main\java\jsgl\jogl\light\DirLight.java", "Java", 0, 0, 0, 0, 0, 25, 0, 0, 0, 0, 0, 25, 8, 58
"c:\Users\Student\Downloads\Assignments\ASDC Assignment 2\RoboViz\jsgl\src\main\java\jsgl\jogl\light\Light.java", "Java", 0, 0, 0, 0, 0, 61, 0, 0, 0, 0, 0, 41, 13, 115
"c:\Users\Student\Downloads\Assignments\ASDC Assignment 2\RoboViz\jsgl\src\main\java\jsgl\jogl\light\LightModel.java", "Java", 0, 0, 0, 0, 0, 45, 0, 0, 0, 0, 0, 20, 10, 75
"c:\Users\Student\Downloads\Assignments\ASDC Assignment 2\RoboViz\jsgl\src\main\java\jsgl\jogl\light\Material.java", "Java", 0, 0, 0, 0, 0, 108, 0, 0, 0, 0, 0, 20, 26, 154
"c:\Users\Student\Downloads\Assignments\ASDC Assignment 2\RoboViz\jsgl\src\main\java\jsgl\jogl\light\PointLight.java", "Java", 0, 0, 0, 0, 0, 50, 0, 0, 0, 0, 0, 22, 13, 85
"c:\Users\Student\Downloads\Assignments\ASDC Assignment 2\RoboViz\jsgl\src\main\java\jsgl\jogl\light\SpotLight.java", "Java", 0, 0, 0, 0, 0, 70, 0, 0, 0, 0, 0, 33, 16, 119
"c:\Users\Student\Downloads\Assignments\ASDC Assignment 2\RoboViz\jsgl\src\main\java\jsgl\jogl\model\Mesh.java", "Java", 0, 0, 0, 0, 0, 143, 0, 0, 0, 0, 0, 76, 26, 245
"c:\Users\Student\Downloads\Assignments\ASDC Assignment 2\RoboViz\jsgl\src\main\java\jsgl\jogl\model\MeshFace.java", "Java", 0, 0, 0, 0, 0, 17, 0, 0, 0, 0, 0, 22, 6, 45
"c:\Users\Student\Downloads\Assignments\ASDC Assignment 2\RoboViz\jsgl\src\main\java\jsgl\jogl\model\MeshMaterial.java", "Java", 0, 0, 0, 0, 0, 15, 0, 0, 0, 0, 0, 24, 6, 45
"c:\Users\Student\Downloads\Assignments\ASDC Assignment 2\RoboViz\jsgl\src\main\java\jsgl\jogl\model\MeshPart.java", "Java", 0, 0, 0, 0, 0, 118, 0, 0, 0, 0, 0, 29, 20, 167
"c:\Users\Student\Downloads\Assignments\ASDC Assignment 2\RoboViz\jsgl\src\main\java\jsgl\jogl\model\MeshRenderer.java", "Java", 0, 0, 0, 0, 0, 10, 0, 0, 0, 0, 0, 20, 3, 33
"c:\Users\Student\Downloads\Assignments\ASDC Assignment 2\RoboViz\jsgl\src\main\java\jsgl\jogl\model\MeshRendererDisplayList.java", "Java", 0, 0, 0, 0, 0, 56, 0, 0, 0, 0, 0, 22, 11, 89
"c:\Users\Student\Downloads\Assignments\ASDC Assignment 2\RoboViz\jsgl\src\main\java\jsgl\jogl\model\MeshRendererImmediate.java", "Java", 0, 0, 0, 0, 0, 45, 0, 0, 0, 0, 0, 21, 10, 76
"c:\Users\Student\Downloads\Assignments\ASDC Assignment 2\RoboViz\jsgl\src\main\java\jsgl\jogl\model\MeshRendererVBO.java", "Java", 0, 0, 0, 0, 0, 97, 0, 0, 0, 0, 0, 23, 16, 136
"c:\Users\Student\Downloads\Assignments\ASDC Assignment 2\RoboViz\jsgl\src\main\java\jsgl\jogl\model\MeshRendererVertexArrays.java", "Java", 0, 0, 0, 0, 0, 82, 0, 0, 0, 0, 0, 27, 15, 124
"c:\Users\Student\Downloads\Assignments\ASDC Assignment 2\RoboViz\jsgl\src\main\java\jsgl\jogl\model\MeshVertex.java", "Java", 0, 0, 0, 0, 0, 41, 0, 0, 0, 0, 0, 21, 11, 73
"c:\Users\Student\Downloads\Assignments\ASDC Assignment 2\RoboViz\jsgl\src\main\java\jsgl\jogl\model\ObjGroup.java", "Java", 0, 0, 0, 0, 0, 11, 0, 0, 0, 0, 0, 15, 5, 31
"c:\Users\Student\Downloads\Assignments\ASDC Assignment 2\RoboViz\jsgl\src\main\java\jsgl\jogl\model\ObjMaterial.java", "Java", 0, 0, 0, 0, 0, 128, 0, 0, 0, 0, 0, 27, 27, 182
"c:\Users\Student\Downloads\Assignments\ASDC Assignment 2\RoboViz\jsgl\src\main\java\jsgl\jogl\model\ObjMaterialLibrary.java", "Java", 0, 0, 0, 0, 0, 51, 0, 0, 0, 0, 0, 22, 9, 82
"c:\Users\Student\Downloads\Assignments\ASDC Assignment 2\RoboViz\jsgl\src\main\java\jsgl\jogl\model\ObjMeshImporter.java", "Java", 0, 0, 0, 0, 0, 194, 0, 0, 0, 0, 0, 52, 45, 291
"c:\Users\Student\Downloads\Assignments\ASDC Assignment 2\RoboViz\jsgl\src\main\java\jsgl\jogl\model\ObjModel.java", "Java", 0, 0, 0, 0, 0, 192, 0, 0, 0, 0, 0, 55, 27, 274
"c:\Users\Student\Downloads\Assignments\ASDC Assignment 2\RoboViz\jsgl\src\main\java\jsgl\jogl\prog\GLProgram.java", "Java", 0, 0, 0, 0, 0, 76, 0, 0, 0, 0, 0, 23, 21, 120
"c:\Users\Student\Downloads\Assignments\ASDC Assignment 2\RoboViz\jsgl\src\main\java\jsgl\jogl\prog\GLProgramAWT.java", "Java", 0, 0, 0, 0, 0, 47, 0, 0, 0, 0, 0, 0, 11, 58
"c:\Users\Student\Downloads\Assignments\ASDC Assignment 2\RoboViz\jsgl\src\main\java\jsgl\jogl\prog\GLProgramNEWT.java", "Java", 0, 0, 0, 0, 0, 41, 0, 0, 0, 0, 0, 0, 9, 50
"c:\Users\Student\Downloads\Assignments\ASDC Assignment 2\RoboViz\jsgl\src\main\java\jsgl\jogl\prog\GLProgramSwing.java", "Java", 0, 0, 0, 0, 0, 48, 0, 0, 0, 0, 0, 0, 11, 59
"c:\Users\Student\Downloads\Assignments\ASDC Assignment 2\RoboViz\jsgl\src\main\java\jsgl\jogl\util\AWTWindowProgram.java", "Java", 0, 0, 0, 0, 0, 103, 0, 0, 0, 0, 0, 34, 26, 163
"c:\Users\Student\Downloads\Assignments\ASDC Assignment 2\RoboViz\jsgl\src\main\java\jsgl\jogl\util\Draw.java", "Java", 0, 0, 0, 0, 0, 141, 0, 0, 0, 0, 0, 52, 22, 215
"c:\Users\Student\Downloads\Assignments\ASDC Assignment 2\RoboViz\jsgl\src\main\java\jsgl\jogl\util\GLApplet.java", "Java", 0, 0, 0, 0, 0, 97, 0, 0, 0, 0, 0, 50, 26, 173
"c:\Users\Student\Downloads\Assignments\ASDC Assignment 2\RoboViz\jsgl\src\main\java\jsgl\jogl\util\GLFrame.java", "Java", 0, 0, 0, 0, 0, 144, 0, 0, 0, 0, 0, 47, 36, 227
"c:\Users\Student\Downloads\Assignments\ASDC Assignment 2\RoboViz\jsgl\src\main\java\jsgl\jogl\util\GLJFrame.java", "Java", 0, 0, 0, 0, 0, 109, 0, 0, 0, 0, 0, 56, 27, 192
"c:\Users\Student\Downloads\Assignments\ASDC Assignment 2\RoboViz\jsgl\src\main\java\jsgl\jogl\util\StateRecorder.java", "Java", 0, 0, 0, 0, 0, 156, 0, 0, 0, 0, 0, 56, 28, 240
"c:\Users\Student\Downloads\Assignments\ASDC Assignment 2\RoboViz\jsgl\src\main\java\jsgl\jogl\util\TessCallback.java", "Java", 0, 0, 0, 0, 0, 76, 0, 0, 0, 0, 0, 22, 19, 117
"c:\Users\Student\Downloads\Assignments\ASDC Assignment 2\RoboViz\jsgl\src\main\java\jsgl\jogl\util\WindowProgram.java", "Java", 0, 0, 0, 0, 0, 16, 0, 0, 0, 0, 0, 20, 5, 41
"c:\Users\Student\Downloads\Assignments\ASDC Assignment 2\RoboViz\jsgl\src\main\java\jsgl\jogl\util\shader\ShaderWidget.java", "Java", 0, 0, 0, 0, 0, 24, 0, 0, 0, 0, 0, 19, 7, 50
"c:\Users\Student\Downloads\Assignments\ASDC Assignment 2\RoboViz\jsgl\src\main\java\jsgl\jogl\util\shader\ShaderWidgetParser.java", "Java", 0, 0, 0, 0, 0, 129, 0, 0, 0, 0, 0, 36, 22, 187
"c:\Users\Student\Downloads\Assignments\ASDC Assignment 2\RoboViz\jsgl\src\main\java\jsgl\jogl\verts\Vertex.java", "Java", 0, 0, 0, 0, 0, 9, 0, 0, 0, 0, 0, 19, 6, 34
"c:\Users\Student\Downloads\Assignments\ASDC Assignment 2\RoboViz\jsgl\src\main\java\jsgl\jogl\verts\VertexPC.java", "Java", 0, 0, 0, 0, 0, 42, 0, 0, 0, 0, 0, 20, 10, 72
"c:\Users\Student\Downloads\Assignments\ASDC Assignment 2\RoboViz\jsgl\src\main\java\jsgl\jogl\verts\VertexPN.java", "Java", 0, 0, 0, 0, 0, 42, 0, 0, 0, 0, 0, 20, 9, 71
"c:\Users\Student\Downloads\Assignments\ASDC Assignment 2\RoboViz\jsgl\src\main\java\jsgl\jogl\verts\VertexPNT.java", "Java", 0, 0, 0, 0, 0, 56, 0, 0, 0, 0, 0, 20, 12, 88
"c:\Users\Student\Downloads\Assignments\ASDC Assignment 2\RoboViz\jsgl\src\main\java\jsgl\jogl\view\Camera3D.java", "Java", 0, 0, 0, 0, 0, 163, 0, 0, 0, 0, 0, 97, 43, 303
"c:\Users\Student\Downloads\Assignments\ASDC Assignment 2\RoboViz\jsgl\src\main\java\jsgl\jogl\view\FPCamera.java", "Java", 0, 0, 0, 0, 0, 245, 0, 0, 0, 0, 0, 68, 45, 358
"c:\Users\Student\Downloads\Assignments\ASDC Assignment 2\RoboViz\jsgl\src\main\java\jsgl\jogl\view\JetCamera.java", "Java", 0, 0, 0, 0, 0, 47, 0, 0, 0, 0, 0, 21, 9, 77
"c:\Users\Student\Downloads\Assignments\ASDC Assignment 2\RoboViz\jsgl\src\main\java\jsgl\jogl\view\OrbitCamera.java", "Java", 0, 0, 0, 0, 0, 203, 0, 0, 0, 0, 0, 41, 31, 275
"c:\Users\Student\Downloads\Assignments\ASDC Assignment 2\RoboViz\jsgl\src\main\java\jsgl\jogl\view\Viewport.java", "Java", 0, 0, 0, 0, 0, 66, 0, 0, 0, 0, 0, 19, 15, 100
"c:\Users\Student\Downloads\Assignments\ASDC Assignment 2\RoboViz\jsgl\src\main\java\jsgl\math\BoundingBox.java", "Java", 0, 0, 0, 0, 0, 350, 0, 0, 0, 0, 0, 61, 57, 468
"c:\Users\Student\Downloads\Assignments\ASDC Assignment 2\RoboViz\jsgl\src\main\java\jsgl\math\Circle2D.java", "Java", 0, 0, 0, 0, 0, 35, 0, 0, 0, 0, 0, 30, 14, 79
"c:\Users\Student\Downloads\Assignments\ASDC Assignment 2\RoboViz\jsgl\src\main\java\jsgl\math\Gaussian.java", "Java", 0, 0, 0, 0, 0, 50, 0, 0, 0, 0, 0, 21, 14, 85
"c:\Users\Student\Downloads\Assignments\ASDC Assignment 2\RoboViz\jsgl\src\main\java\jsgl\math\Line.java", "Java", 0, 0, 0, 0, 0, 34, 0, 0, 0, 0, 0, 19, 14, 67
"c:\Users\Student\Downloads\Assignments\ASDC Assignment 2\RoboViz\jsgl\src\main\java\jsgl\math\Maths.java", "Java", 0, 0, 0, 0, 0, 73, 0, 0, 0, 0, 0, 45, 15, 133
"c:\Users\Student\Downloads\Assignments\ASDC Assignment 2\RoboViz\jsgl\src\main\java\jsgl\math\Octree.java", "Java", 0, 0, 0, 0, 0, 122, 0, 0, 0, 0, 0, 47, 23, 192
"c:\Users\Student\Downloads\Assignments\ASDC Assignment 2\RoboViz\jsgl\src\main\java\jsgl\math\Plane.java", "Java", 0, 0, 0, 0, 0, 45, 0, 0, 0, 0, 0, 35, 16, 96
"c:\Users\Student\Downloads\Assignments\ASDC Assignment 2\RoboViz\jsgl\src\main\java\jsgl\math\Polygon.java", "Java", 0, 0, 0, 0, 0, 32, 0, 0, 0, 0, 0, 28, 9, 69
"c:\Users\Student\Downloads\Assignments\ASDC Assignment 2\RoboViz\jsgl\src\main\java\jsgl\math\Ray.java", "Java", 0, 0, 0, 0, 0, 20, 0, 0, 0, 0, 0, 20, 7, 47
"c:\Users\Student\Downloads\Assignments\ASDC Assignment 2\RoboViz\jsgl\src\main\java\jsgl\math\Sphere.java", "Java", 0, 0, 0, 0, 0, 41, 0, 0, 0, 0, 0, 18, 12, 71
"c:\Users\Student\Downloads\Assignments\ASDC Assignment 2\RoboViz\jsgl\src\main\java\jsgl\math\Triangle.java", "Java", 0, 0, 0, 0, 0, 35, 0, 0, 0, 0, 0, 28, 9, 72
"c:\Users\Student\Downloads\Assignments\ASDC Assignment 2\RoboViz\jsgl\src\main\java\jsgl\math\Tupled.java", "Java", 0, 0, 0, 0, 0, 7, 0, 0, 0, 0, 0, 19, 5, 31
"c:\Users\Student\Downloads\Assignments\ASDC Assignment 2\RoboViz\jsgl\src\main\java\jsgl\math\Tuplef.java", "Java", 0, 0, 0, 0, 0, 7, 0, 0, 0, 0, 0, 19, 4, 30
"c:\Users\Student\Downloads\Assignments\ASDC Assignment 2\RoboViz\jsgl\src\main\java\jsgl\math\Tuplei.java", "Java", 0, 0, 0, 0, 0, 7, 0, 0, 0, 0, 0, 18, 5, 30
"c:\Users\Student\Downloads\Assignments\ASDC Assignment 2\RoboViz\jsgl\src\main\java\jsgl\math\geom\BoundingFrustum.java", "Java", 0, 0, 0, 0, 0, 43, 0, 0, 0, 0, 0, 27, 16, 86
"c:\Users\Student\Downloads\Assignments\ASDC Assignment 2\RoboViz\jsgl\src\main\java\jsgl\math\geom\GeodesicSphere.java", "Java", 0, 0, 0, 0, 0, 199, 0, 0, 0, 0, 0, 26, 30, 255
"c:\Users\Student\Downloads\Assignments\ASDC Assignment 2\RoboViz\jsgl\src\main\java\jsgl\math\geom\Icosahedron.java", "Java", 0, 0, 0, 0, 0, 140, 0, 0, 0, 0, 0, 32, 20, 192
"c:\Users\Student\Downloads\Assignments\ASDC Assignment 2\RoboViz\jsgl\src\main\java\jsgl\math\vector\Matrix.java", "Java", 0, 0, 0, 0, 0, 222, 0, 0, 0, 0, 0, 176, 48, 446
"c:\Users\Student\Downloads\Assignments\ASDC Assignment 2\RoboViz\jsgl\src\main\java\jsgl\math\vector\Vec2d.java", "Java", 0, 0, 0, 0, 0, 187, 0, 0, 0, 0, 0, 87, 42, 316
"c:\Users\Student\Downloads\Assignments\ASDC Assignment 2\RoboViz\jsgl\src\main\java\jsgl\math\vector\Vec2f.java", "Java", 0, 0, 0, 0, 0, 176, 0, 0, 0, 0, 0, 125, 38, 339
"c:\Users\Student\Downloads\Assignments\ASDC Assignment 2\RoboViz\jsgl\src\main\java\jsgl\math\vector\Vec2i.java", "Java", 0, 0, 0, 0, 0, 146, 0, 0, 0, 0, 0, 107, 32, 285
"c:\Users\Student\Downloads\Assignments\ASDC Assignment 2\RoboViz\jsgl\src\main\java\jsgl\math\vector\Vec3d.java", "Java", 0, 0, 0, 0, 0, 210, 0, 0, 0, 0, 0, 152, 43, 405
"c:\Users\Student\Downloads\Assignments\ASDC Assignment 2\RoboViz\jsgl\src\main\java\jsgl\math\vector\Vec3f.java", "Java", 0, 0, 0, 0, 0, 201, 0, 0, 0, 0, 0, 146, 40, 387
"c:\Users\Student\Downloads\Assignments\ASDC Assignment 2\RoboViz\jsgl\src\main\java\jsgl\math\vector\Vec4d.java", "Java", 0, 0, 0, 0, 0, 227, 0, 0, 0, 0, 0, 151, 42, 420
"c:\Users\Student\Downloads\Assignments\ASDC Assignment 2\RoboViz\jsgl\src\main\java\jsgl\math\vector\Vec4f.java", "Java", 0, 0, 0, 0, 0, 218, 0, 0, 0, 0, 0, 145, 40, 403
"c:\Users\Student\Downloads\Assignments\ASDC Assignment 2\RoboViz\scripts\build.bat", "Batch", 0, 0, 0, 0, 0, 0, 0, 4, 0, 0, 0, 0, 3, 7
"c:\Users\Student\Downloads\Assignments\ASDC Assignment 2\RoboViz\scripts\build.sh", "Shell Script", 0, 0, 0, 2, 0, 0, 0, 0, 0, 0, 0, 2, 3, 7
"c:\Users\Student\Downloads\Assignments\ASDC Assignment 2\RoboViz\scripts\roboviz.sh", "Shell Script", 0, 0, 0, 11, 0, 0, 0, 0, 0, 0, 0, 1, 4, 16
"c:\Users\Student\Downloads\Assignments\ASDC Assignment 2\RoboViz\src\main\java\rv\comm\NetworkManager.java", "Java", 0, 0, 0, 0, 0, 46, 0, 0, 0, 0, 0, 20, 9, 75
"c:\Users\Student\Downloads\Assignments\ASDC Assignment 2\RoboViz\src\main\java\rv\comm\drawing\BufferedSet.java", "Java", 0, 0, 0, 0, 0, 47, 0, 0, 0, 0, 0, 34, 13, 94
"c:\Users\Student\Downloads\Assignments\ASDC Assignment 2\RoboViz\src\main\java\rv\comm\drawing\DrawComm.java", "Java", 0, 0, 0, 0, 0, 128, 0, 0, 0, 0, 0, 25, 25, 178
"c:\Users\Student\Downloads\Assignments\ASDC Assignment 2\RoboViz\src\main\java\rv\comm\drawing\Drawings.java", "Java", 0, 0, 0, 0, 0, 166, 0, 0, 0, 0, 0, 31, 29, 226
"c:\Users\Student\Downloads\Assignments\ASDC Assignment 2\RoboViz\src\main\java\rv\comm\drawing\VisibleNamedObject.java", "Java", 0, 0, 0, 0, 0, 7, 0, 0, 0, 0, 0, 15, 5, 27
"c:\Users\Student\Downloads\Assignments\ASDC Assignment 2\RoboViz\src\main\java\rv\comm\drawing\annotations\AgentAnnotation.java", "Java", 0, 0, 0, 0, 0, 33, 0, 0, 0, 0, 0, 18, 8, 59
"c:\Users\Student\Downloads\Assignments\ASDC Assignment 2\RoboViz\src\main\java\rv\comm\drawing\annotations\Annotation.java", "Java", 0, 0, 0, 0, 0, 36, 0, 0, 0, 0, 0, 20, 10, 66
"c:\Users\Student\Downloads\Assignments\ASDC Assignment 2\RoboViz\src\main\java\rv\comm\drawing\annotations\StandardAnnotation.java", "Java", 0, 0, 0, 0, 0, 18, 0, 0, 0, 0, 0, 15, 6, 39
"c:\Users\Student\Downloads\Assignments\ASDC Assignment 2\RoboViz\src\main\java\rv\comm\drawing\commands\Command.java", "Java", 0, 0, 0, 0, 0, 131, 0, 0, 0, 0, 0, 75, 23, 229
"c:\Users\Student\Downloads\Assignments\ASDC Assignment 2\RoboViz\src\main\java\rv\comm\drawing\commands\Control.java", "Java", 0, 0, 0, 0, 0, 33, 0, 0, 0, 0, 0, 0, 9, 42
"c:\Users\Student\Downloads\Assignments\ASDC Assignment 2\RoboViz\src\main\java\rv\comm\drawing\commands\DrawAnnotation.java", "Java", 0, 0, 0, 0, 0, 47, 0, 0, 0, 0, 0, 20, 10, 77
"c:\Users\Student\Downloads\Assignments\ASDC Assignment 2\RoboViz\src\main\java\rv\comm\drawing\commands\DrawOption.java", "Java", 0, 0, 0, 0, 0, 32, 0, 0, 0, 0, 0, 20, 9, 61
"c:\Users\Student\Downloads\Assignments\ASDC Assignment 2\RoboViz\src\main\java\rv\comm\drawing\commands\DrawShape.java", "Java", 0, 0, 0, 0, 0, 59, 0, 0, 0, 0, 0, 21, 11, 91
"c:\Users\Student\Downloads\Assignments\ASDC Assignment 2\RoboViz\src\main\java\rv\comm\drawing\shapes\Circle.java", "Java", 0, 0, 0, 0, 0, 41, 0, 0, 0, 0, 0, 21, 9, 71
"c:\Users\Student\Downloads\Assignments\ASDC Assignment 2\RoboViz\src\main\java\rv\comm\drawing\shapes\Line.java", "Java", 0, 0, 0, 0, 0, 38, 0, 0, 0, 0, 0, 18, 8, 64
"c:\Users\Student\Downloads\Assignments\ASDC Assignment 2\RoboViz\src\main\java\rv\comm\drawing\shapes\Point.java", "Java", 0, 0, 0, 0, 0, 34, 0, 0, 0, 0, 0, 16, 9, 59
"c:\Users\Student\Downloads\Assignments\ASDC Assignment 2\RoboViz\src\main\java\rv\comm\drawing\shapes\Polygon.java", "Java", 0, 0, 0, 0, 0, 33, 0, 0, 0, 0, 0, 15, 10, 58
"c:\Users\Student\Downloads\Assignments\ASDC Assignment 2\RoboViz\src\main\java\rv\comm\drawing\shapes\Shape.java", "Java", 0, 0, 0, 0, 0, 21, 0, 0, 0, 0, 0, 15, 8, 44
"c:\Users\Student\Downloads\Assignments\ASDC Assignment 2\RoboViz\src\main\java\rv\comm\drawing\shapes\Sphere.java", "Java", 0, 0, 0, 0, 0, 39, 0, 0, 0, 0, 0, 16, 9, 64
"c:\Users\Student\Downloads\Assignments\ASDC Assignment 2\RoboViz\src\main\java\rv\comm\rcssserver\GameState.java", "Java", 0, 0, 0, 0, 0, 540, 0, 0, 0, 0, 0, 40, 84, 664
"c:\Users\Student\Downloads\Assignments\ASDC Assignment 2\RoboViz\src\main\java\rv\comm\rcssserver\ILogfileReader.java", "Java", 0, 0, 0, 0, 0, 26, 0, 0, 0, 0, 0, 21, 17, 64
"c:\Users\Student\Downloads\Assignments\ASDC Assignment 2\RoboViz\src\main\java\rv\comm\rcssserver\ISceneGraphItem.java", "Java", 0, 0, 0, 0, 0, 7, 0, 0, 0, 0, 0, 37, 5, 49
"c:\Users\Student\Downloads\Assignments\ASDC Assignment 2\RoboViz\src\main\java\rv\comm\rcssserver\LogAnalyzerThread.java", "Java", 0, 0, 0, 0, 0, 133, 0, 0, 0, 0, 0, 2, 26, 161
"c:\Users\Student\Downloads\Assignments\ASDC Assignment 2\RoboViz\src\main\java\rv\comm\rcssserver\LogPlayer.java", "Java", 0, 0, 0, 0, 0, 456, 0, 0, 0, 0, 0, 46, 75, 577
"c:\Users\Student\Downloads\Assignments\ASDC Assignment 2\RoboViz\src\main\java\rv\comm\rcssserver\Logfile.java", "Java", 0, 0, 0, 0, 0, 184, 0, 0, 0, 0, 0, 43, 37, 264
"c:\Users\Student\Downloads\Assignments\ASDC Assignment 2\RoboViz\src\main\java\rv\comm\rcssserver\LogfileReaderBuffered.java", "Java", 0, 0, 0, 0, 0, 143, 0, 0, 0, 0, 0, 47, 29, 219
"c:\Users\Student\Downloads\Assignments\ASDC Assignment 2\RoboViz\src\main\java\rv\comm\rcssserver\LogfileReaderRandomAccess.java", "Java", 0, 0, 0, 0, 0, 130, 0, 0, 0, 0, 0, 40, 28, 198
"c:\Users\Student\Downloads\Assignments\ASDC Assignment 2\RoboViz\src\main\java\rv\comm\rcssserver\MessageParser.java", "Java", 0, 0, 0, 0, 0, 32, 0, 0, 0, 0, 0, 23, 8, 63
"c:\Users\Student\Downloads\Assignments\ASDC Assignment 2\RoboViz\src\main\java\rv\comm\rcssserver\SExp.java", "Java", 0, 0, 0, 0, 0, 85, 0, 0, 0, 0, 0, 61, 21, 167
"c:\Users\Student\Downloads\Assignments\ASDC Assignment 2\RoboViz\src\main\java\rv\comm\rcssserver\ServerComm.java", "Java", 0, 0, 0, 0, 0, 333, 0, 0, 0, 0, 0, 45, 59, 437
"c:\Users\Student\Downloads\Assignments\ASDC Assignment 2\RoboViz\src\main\java\rv\comm\rcssserver\ServerSpeedBenchmarker.java", "Java", 0, 0, 0, 0, 0, 94, 0, 0, 0, 0, 0, 26, 20, 140
"c:\Users\Student\Downloads\Assignments\ASDC Assignment 2\RoboViz\src\main\java\rv\comm\rcssserver\TarBz2ZipUtil.java", "Java", 0, 0, 0, 0, 0, 158, 0, 0, 0, 0, 0, 45, 31, 234
"c:\Users\Student\Downloads\Assignments\ASDC Assignment 2\RoboViz\src\main\java\rv\comm\rcssserver\scenegraph\BaseNode.java", "Java", 0, 0, 0, 0, 0, 14, 0, 0, 0, 0, 0, 22, 5, 41
"c:\Users\Student\Downloads\Assignments\ASDC Assignment 2\RoboViz\src\main\java\rv\comm\rcssserver\scenegraph\GeometryNode.java", "Java", 0, 0, 0, 0, 0, 97, 0, 0, 0, 0, 0, 21, 17, 135
"c:\Users\Student\Downloads\Assignments\ASDC Assignment 2\RoboViz\src\main\java\rv\comm\rcssserver\scenegraph\LightNode.java", "Java", 0, 0, 0, 0, 0, 38, 0, 0, 0, 0, 0, 23, 8, 69
"c:\Users\Student\Downloads\Assignments\ASDC Assignment 2\RoboViz\src\main\java\rv\comm\rcssserver\scenegraph\Node.java", "Java", 0, 0, 0, 0, 0, 56, 0, 0, 0, 0, 0, 35, 15, 106
"c:\Users\Student\Downloads\Assignments\ASDC Assignment 2\RoboViz\src\main\java\rv\comm\rcssserver\scenegraph\SceneGraph.java", "Java", 0, 0, 0, 0, 0, 147, 0, 0, 0, 0, 0, 60, 35, 242
"c:\Users\Student\Downloads\Assignments\ASDC Assignment 2\RoboViz\src\main\java\rv\comm\rcssserver\scenegraph\SceneGraphHeader.java", "Java", 0, 0, 0, 0, 0, 41, 0, 0, 0, 0, 0, 28, 12, 81
"c:\Users\Student\Downloads\Assignments\ASDC Assignment 2\RoboViz\src\main\java\rv\comm\rcssserver\scenegraph\StandardMeshNode.java", "Java", 0, 0, 0, 0, 0, 15, 0, 0, 0, 0, 0, 26, 8, 49
"c:\Users\Student\Downloads\Assignments\ASDC Assignment 2\RoboViz\src\main\java\rv\comm\rcssserver\scenegraph\StaticMeshNode.java", "Java", 0, 0, 0, 0, 0, 22, 0, 0, 0, 0, 0, 23, 8, 53
"c:\Users\Student\Downloads\Assignments\ASDC Assignment 2\RoboViz\src\main\java\rv\comm\rcssserver\scenegraph\TransformNode.java", "Java", 0, 0, 0, 0, 0, 42, 0, 0, 0, 0, 0, 28, 10, 80
"c:\Users\Student\Downloads\Assignments\ASDC Assignment 2\RoboViz\src\main\java\rv\content\ContentManager.java", "Java", 0, 0, 0, 0, 0, 267, 0, 0, 0, 0, 0, 42, 51, 360
"c:\Users\Student\Downloads\Assignments\ASDC Assignment 2\RoboViz\src\main\java\rv\content\Model.java", "Java", 0, 0, 0, 0, 0, 92, 0, 0, 0, 0, 0, 33, 15, 140
"c:\Users\Student\Downloads\Assignments\ASDC Assignment 2\RoboViz\src\main\java\rv\effects\Bloom.java", "Java", 0, 0, 0, 0, 0, 184, 0, 0, 0, 0, 0, 29, 41, 254
"c:\Users\Student\Downloads\Assignments\ASDC Assignment 2\RoboViz\src\main\java\rv\effects\EffectManager.java", "Java", 0, 0, 0, 0, 0, 86, 0, 0, 0, 0, 0, 24, 19, 129
"c:\Users\Student\Downloads\Assignments\ASDC Assignment 2\RoboViz\src\main\java\rv\effects\VSMPhongShader.java", "Java", 0, 0, 0, 0, 0, 79, 0, 0, 0, 0, 0, 25, 17, 121
"c:\Users\Student\Downloads\Assignments\ASDC Assignment 2\RoboViz\src\main\java\rv\ui\CameraSetting.java", "Java", 0, 0, 0, 0, 0, 6, 0, 0, 0, 0, 0, 15, 4, 25
"c:\Users\Student\Downloads\Assignments\ASDC Assignment 2\RoboViz\src\main\java\rv\ui\DrawingListPanel.java", "Java", 0, 0, 0, 0, 0, 184, 0, 0, 0, 0, 0, 26, 28, 238
"c:\Users\Student\Downloads\Assignments\ASDC Assignment 2\RoboViz\src\main\java\rv\ui\FramePanelBase.java", "Java", 0, 0, 0, 0, 0, 51, 0, 0, 0, 0, 0, 0, 8, 59
"c:\Users\Student\Downloads\Assignments\ASDC Assignment 2\RoboViz\src\main\java\rv\ui\SceneObjectPicker.java", "Java", 0, 0, 0, 0, 0, 65, 0, 0, 0, 0, 0, 26, 13, 104
"c:\Users\Student\Downloads\Assignments\ASDC Assignment 2\RoboViz\src\main\java\rv\ui\screens\BorderTextRenderer.java", "Java", 0, 0, 0, 0, 0, 34, 0, 0, 0, 0, 0, 1, 7, 42
"c:\Users\Student\Downloads\Assignments\ASDC Assignment 2\RoboViz\src\main\java\rv\ui\screens\Field2DOverlay.java", "Java", 0, 0, 0, 0, 0, 112, 0, 0, 0, 0, 0, 20, 21, 153
"c:\Users\Student\Downloads\Assignments\ASDC Assignment 2\RoboViz\src\main\java\rv\ui\screens\FoulListOverlay.java", "Java", 0, 0, 0, 0, 0, 94, 0, 0, 0, 0, 0, 24, 19, 137
"c:\Users\Student\Downloads\Assignments\ASDC Assignment 2\RoboViz\src\main\java\rv\ui\screens\GameStateOverlay.java", "Java", 0, 0, 0, 0, 0, 207, 0, 0, 0, 0, 0, 32, 38, 277
"c:\Users\Student\Downloads\Assignments\ASDC Assignment 2\RoboViz\src\main\java\rv\ui\screens\InfoOverlay.java", "Java", 0, 0, 0, 0, 0, 55, 0, 0, 0, 0, 0, 15, 11, 81
"c:\Users\Student\Downloads\Assignments\ASDC Assignment 2\RoboViz\src\main\java\rv\ui\screens\LiveGameScreen.java", "Java", 0, 0, 0, 0, 0, 163, 0, 0, 0, 0, 0, 21, 21, 205
"c:\Users\Student\Downloads\Assignments\ASDC Assignment 2\RoboViz\src\main\java\rv\ui\screens\LogfileModeScreen.java", "Java", 0, 0, 0, 0, 0, 98, 0, 0, 0, 0, 0, 15, 11, 124
"c:\Users\Student\Downloads\Assignments\ASDC Assignment 2\RoboViz\src\main\java\rv\ui\screens\PlaymodeOverlay.java", "Java", 0, 0, 0, 0, 0, 175, 0, 0, 0, 0, 0, 17, 26, 218
"c:\Users\Student\Downloads\Assignments\ASDC Assignment 2\RoboViz\src\main\java\rv\ui\screens\Screen.java", "Java", 0, 0, 0, 0, 0, 15, 0, 0, 0, 0, 0, 21, 7, 43
"c:\Users\Student\Downloads\Assignments\ASDC Assignment 2\RoboViz\src\main\java\rv\ui\screens\ScreenBase.java", "Java", 0, 0, 0, 0, 0, 28, 0, 0, 0, 0, 0, 0, 8, 36
"c:\Users\Student\Downloads\Assignments\ASDC Assignment 2\RoboViz\src\main\java\rv\ui\screens\TextOverlay.java", "Java", 0, 0, 0, 0, 0, 85, 0, 0, 0, 0, 0, 20, 18, 123
"c:\Users\Student\Downloads\Assignments\ASDC Assignment 2\RoboViz\src\main\java\rv\ui\screens\ViewerScreenBase.java", "Java", 0, 0, 0, 0, 0, 483, 0, 0, 0, 0, 0, 8, 83, 574
"c:\Users\Student\Downloads\Assignments\ASDC Assignment 2\RoboViz\src\main\java\rv\ui\view\ICameraController.java", "Java", 0, 0, 0, 0, 0, 13, 0, 0, 0, 0, 0, 21, 6, 40
"c:\Users\Student\Downloads\Assignments\ASDC Assignment 2\RoboViz\src\main\java\rv\ui\view\RobotVantageBase.java", "Java", 0, 0, 0, 0, 0, 61, 0, 0, 0, 0, 0, 0, 13, 74
"c:\Users\Student\Downloads\Assignments\ASDC Assignment 2\RoboViz\src\main\java\rv\ui\view\RobotVantageFirstPerson.java", "Java", 0, 0, 0, 0, 0, 74, 0, 0, 0, 0, 0, 15, 14, 103
"c:\Users\Student\Downloads\Assignments\ASDC Assignment 2\RoboViz\src\main\java\rv\ui\view\RobotVantageThirdPerson.java", "Java", 0, 0, 0, 0, 0, 62, 0, 0, 0, 0, 0, 19, 14, 95
"c:\Users\Student\Downloads\Assignments\ASDC Assignment 2\RoboViz\src\main\java\rv\ui\view\SimsparkController.java", "Java", 0, 0, 0, 0, 0, 280, 0, 0, 0, 0, 0, 25, 42, 347
"c:\Users\Student\Downloads\Assignments\ASDC Assignment 2\RoboViz\src\main\java\rv\ui\view\TargetTrackerCamera.java", "Java", 0, 0, 0, 0, 0, 102, 0, 0, 0, 0, 0, 23, 27, 152
"c:\Users\Student\Downloads\Assignments\ASDC Assignment 2\RoboViz\src\main\java\rv\util\StringUtil.java", "Java", 0, 0, 0, 0, 0, 12, 0, 0, 0, 0, 0, 0, 2, 14
"c:\Users\Student\Downloads\Assignments\ASDC Assignment 2\RoboViz\src\main\java\rv\util\WindowResizeEvent.java", "Java", 0, 0, 0, 0, 0, 24, 0, 0, 0, 0, 0, 0, 6, 30
"c:\Users\Student\Downloads\Assignments\ASDC Assignment 2\RoboViz\src\main\java\rv\util\WindowResizeListener.java", "Java", 0, 0, 0, 0, 0, 5, 0, 0, 0, 0, 0, 0, 2, 7
"c:\Users\Student\Downloads\Assignments\ASDC Assignment 2\RoboViz\src\main\java\rv\util\jogl\MaterialUtil.java", "Java", 0, 0, 0, 0, 0, 13, 0, 0, 0, 0, 0, 0, 3, 16
"c:\Users\Student\Downloads\Assignments\ASDC Assignment 2\RoboViz\src\main\java\rv\util\swing\FileChooser.java", "Java", 0, 0, 0, 0, 0, 23, 0, 0, 0, 0, 0, 0, 5, 28
"c:\Users\Student\Downloads\Assignments\ASDC Assignment 2\RoboViz\src\main\java\rv\util\swing\SwingUtil.java", "Java", 0, 0, 0, 0, 0, 88, 0, 0, 0, 0, 0, 4, 13, 105
"c:\Users\Student\Downloads\Assignments\ASDC Assignment 2\RoboViz\src\main\java\rv\world\ISelectable.java", "Java", 0, 0, 0, 0, 0, 12, 0, 0, 0, 0, 0, 20, 7, 39
"c:\Users\Student\Downloads\Assignments\ASDC Assignment 2\RoboViz\src\main\java\rv\world\ModelObject.java", "Java", 0, 0, 0, 0, 0, 62, 0, 0, 0, 0, 0, 34, 13, 109
"c:\Users\Student\Downloads\Assignments\ASDC Assignment 2\RoboViz\src\main\java\rv\world\Team.java", "Java", 0, 0, 0, 0, 0, 145, 0, 0, 0, 0, 0, 37, 25, 207
"c:\Users\Student\Downloads\Assignments\ASDC Assignment 2\RoboViz\src\main\java\rv\world\WorldModel.java", "Java", 0, 0, 0, 0, 0, 252, 0, 0, 0, 0, 0, 26, 52, 330
"c:\Users\Student\Downloads\Assignments\ASDC Assignment 2\RoboViz\src\main\java\rv\world\objects\Agent.java", "Java", 0, 0, 0, 0, 0, 165, 0, 0, 0, 0, 0, 34, 34, 233
"c:\Users\Student\Downloads\Assignments\ASDC Assignment 2\RoboViz\src\main\java\rv\world\objects\Ball.java", "Java", 0, 0, 0, 0, 0, 85, 0, 0, 0, 0, 0, 15, 16, 116
"c:\Users\Student\Downloads\Assignments\ASDC Assignment 2\RoboViz\src\main\java\rv\world\objects\Field.java", "Java", 0, 0, 0, 0, 0, 149, 0, 0, 0, 0, 0, 27, 26, 202
"c:\Users\Student\Downloads\Assignments\ASDC Assignment 2\RoboViz\src\main\java\rv\world\objects\SkyBox.java", "Java", 0, 0, 0, 0, 0, 29, 0, 0, 0, 0, 0, 23, 8, 60
"c:\Users\Student\Downloads\Assignments\ASDC Assignment 2\RoboViz\src\main\java\rv\world\rendering\BasicSceneRenderer.java", "Java", 0, 0, 0, 0, 0, 105, 0, 0, 0, 0, 0, 27, 22, 154
"c:\Users\Student\Downloads\Assignments\ASDC Assignment 2\RoboViz\src\main\java\rv\world\rendering\GLHelper.java", "Java", 0, 0, 0, 0, 0, 18, 0, 0, 0, 0, 0, 0, 3, 21
"c:\Users\Student\Downloads\Assignments\ASDC Assignment 2\RoboViz\src\main\java\rv\world\rendering\PhongWorldRenderer.java", "Java", 0, 0, 0, 0, 0, 99, 0, 0, 0, 0, 0, 25, 26, 150
"c:\Users\Student\Downloads\Assignments\ASDC Assignment 2\RoboViz\src\main\java\rv\world\rendering\SceneRenderer.java", "Java", 0, 0, 0, 0, 0, 13, 0, 0, 0, 0, 0, 32, 6, 51
"c:\Users\Student\Downloads\Assignments\ASDC Assignment 2\RoboViz\src\main\java\rv\world\rendering\ShadowMapRenderer.java", "Java", 0, 0, 0, 0, 0, 258, 0, 0, 0, 0, 0, 28, 55, 341
"c:\Users\Student\Downloads\Assignments\ASDC Assignment 2\RoboViz\src\main\java\rv\world\rendering\VSMPhongWorldRenderer.java", "Java", 0, 0, 0, 0, 0, 106, 0, 0, 0, 0, 0, 26, 28, 160
"c:\Users\Student\Downloads\Assignments\ASDC Assignment 2\RoboViz\src\main\resources\help\controls.html", "HTML", 0, 0, 312, 0, 0, 0, 0, 0, 0, 0, 0, 0, 7, 319
"c:\Users\Student\Downloads\Assignments\ASDC Assignment 2\RoboViz\src\main\resources\images\imagesource\arrow_right.svg", "XML", 0, 79, 0, 0, 0, 0, 0, 0, 0, 0, 0, 0, 1, 80
"c:\Users\Student\Downloads\Assignments\ASDC Assignment 2\RoboViz\src\main\resources\log4j2.xml", "XML", 0, 13, 0, 0, 0, 0, 0, 0, 0, 0, 0, 0, 1, 14
"c:\Users\Student\Downloads\Assignments\ASDC Assignment 2\RoboViz\src\main\resources\shaders\blur.fs", "F#", 26, 0, 0, 0, 0, 0, 0, 0, 0, 0, 0, 0, 6, 32
"c:\Users\Student\Downloads\Assignments\ASDC Assignment 2\RoboViz\src\main\resources\shaders\composite.fs", "F#", 34, 0, 0, 0, 0, 0, 0, 0, 0, 0, 0, 0, 8, 42
"c:\Users\Student\Downloads\Assignments\ASDC Assignment 2\RoboViz\src\main\resources\shaders\depth.fs", "F#", 25, 0, 0, 0, 0, 0, 0, 0, 0, 0, 0, 3, 5, 33
"c:\Users\Student\Downloads\Assignments\ASDC Assignment 2\RoboViz\src\main\resources\shaders\field.fs", "F#", 41, 0, 0, 0, 0, 0, 0, 0, 0, 0, 0, 6, 11, 58
"c:\Users\Student\Downloads\Assignments\ASDC Assignment 2\RoboViz\src\main\resources\shaders\luminosity.fs", "F#", 26, 0, 0, 0, 0, 0, 0, 0, 0, 0, 0, 0, 5, 31
"c:\Users\Student\Downloads\Assignments\ASDC Assignment 2\RoboViz\src\main\resources\shaders\phong.fs", "F#", 35, 0, 0, 0, 0, 0, 0, 0, 0, 0, 0, 0, 8, 43
"Total", "-", 187, 92, 312, 13, 600, 17100, 7, 45, 14, 382, 76, 6067, 3876, 28771